"attributes.page.rank.list.vector..names","as.vector.page.rank.list.vector."
"Apanatshka/elm-signal-extra",0.000817439896636399
"elm-lang/core",0.331537902237168
"Dandandan/Easing",0.000756568491146418
"Dandandan/parser",0.000562435984862559
"maxsnew/lazy",0.00240070775066833
"TheSeamau5/elm-check",0.000533342778343966
"TheSeamau5/elm-random-extra",0.000809720372018025
"TheSeamau5/elm-shrink",0.000624011050662441
"circuithub/elm-result-extra",0.000456306981383231
"elm-lang/lazy",0.00443128504590282
"TheSeamau5/GraphicsEngine",0.00033986381012089
"johnpmayer/elm-linear-algebra",0.000617513661666872
"johnpmayer/elm-webgl",0.000436158556321809
"deadfoxygrandpa/Elm-Test",0.0018059314984168
"evancz/elm-html",0.00744893305748838
"TheSeamau5/elm-quadtree",0.00033986381012089
"TheSeamau5/elm-task-extra",0.00068399496822855
"TheSeamau5/flex-html",0.00033986381012089
"coreytrampe/elm-vendor",0.000869484914225943
"avh4/elm-diff",0.00050706650579703
"maxsnew/IO",0.00201827449395902
"circuithub/elm-array-extra",0.000642389804435443
"circuithub/elm-array-focus",0.00033986381012089
"evancz/focus",0.00148677648510993
"circuithub/elm-bootstrap-html",0.00033986381012089
"circuithub/elm-html-shorthand",0.000412084869771579
"elm-lang/html",0.0599397745297735
"circuithub/elm-filepickerio-api-types",0.00033986381012089
"circuithub/elm-function-extra",0.00033986381012089
"circuithub/elm-graphics-shorthand",0.00033986381012089
"circuithub/elm-html-extra",0.000450041048899108
"elm-community/html-extra",0.000409918237982058
"circuithub/elm-json-extra",0.000362514796097549
"circuithub/elm-list-extra",0.000663024392907068
"circuithub/elm-list-signal",0.00033986381012089
"circuithub/elm-maybe-extra",0.000532453302522727
"circuithub/elm-number-format",0.00033986381012089
"circuithub/elm-string-split",0.000484305929422268
"cutsea110/elm-temperature",0.00033986381012089
"evancz/automaton",0.000628748048723646
"evancz/virtual-dom",0.00402036945494852
"evancz/elm-markdown",0.00102662543421465
"evancz/elm-svg",0.00102366457919916
"heyLu/elm-format-date",0.00033986381012089
"identicalsnowflake/elm-dynamic-style",0.00033986381012089
"identicalsnowflake/elm-typed-styles",0.00033986381012089
"imeckler/iterator",0.00033986381012089
"uehaj/IntRange",0.000484305929422268
"imeckler/piece",0.00033986381012089
"imeckler/queue",0.000758745956094886
"imeckler/ratio",0.00046986171749213
"imeckler/stage",0.00033986381012089
"jastice/boxes-and-bubbles",0.00033986381012089
"jastice/president",0.00033986381012089
"jcollard/elm-playground",0.00033986381012089
"jcollard/key-constants",0.000484305929422268
"joefiorini/elm-time-machine",0.00033986381012089
"evancz/elm-http",0.0038314796025523
"jvoigtlaender/elm-drag-and-drop",0.00033986381012089
"jwmerrill/elm-animation-frame",0.00033986381012089
"mgold/Elm-Align-Distribute",0.00033986381012089
"mgold/Elm-Format-String",0.00033986381012089
"mgold/Elm-Multiset",0.00033986381012089
"deadfoxygrandpa/elm-test",0.00267896559836069
"mgold/Elm-Random-Sampling",0.00033986381012089
"rehno-lindeque/elm-signal-alt",0.00033986381012089
"shutej/elm-rpcplus-runtime",0.00033986381012089
"thSoft/ElmCache",0.00033986381012089
"vilterp/elm-diagrams",0.00033986381012089
"krisajenkins/elm-exts",0.000506316157125335
"evancz/elm-effects",0.00471335906731377
"jterbraak/DateOp",0.000362514796097549
"NoRedInk/elm-check",0.000893095623510163
"laszlopandy/elm-console",0.0025212599901614
"elm-community/elm-check",0.000746776688080263
"elm-community/elm-lazy-list",0.00131727526652107
"elm-community/elm-test",0.00443326895703447
"elm-lang/trampoline",0.000721927944130108
"elm-lang/http",0.00852407798048291
"bakkemo/elm-collision",0.00033986381012089
"thSoft/ExternalStorage",0.00033986381012089
"sgraf812/elm-intdict",0.000670017225666897
"TheSeamau5/elm-history",0.000426529081701717
"TheSeamau5/elm-router",0.00033986381012089
"evancz/task-tutorial",0.000412084869771579
"TheSeamau5/elm-lazy-list",0.000757403806644211
"imeckler/either",0.00033986381012089
"imeckler/empty",0.00033986381012089
"avh4/elm-spec",0.000484305929422268
"mgold/elm-date-format",0.000460232242872038
"karldray/elm-ref",0.00033986381012089
"evancz/start-app",0.000616010880021615
"TheSeamau5/elm-html-decoder",0.00033986381012089
"jystic/elm-font-awesome",0.000438909834784692
"elm-lang/svg",0.00647225445058198
"Apanatshka/elm-list-ndet",0.00033986381012089
"TheSeamau5/typographic-scale",0.00033986381012089
"koyachi/elm-sha",0.00033986381012089
"mgold/elm-nonempty-list",0.000725042794924565
"TheSeamau5/elm-undo-redo",0.00033986381012089
"sgraf812/elm-access",0.00033986381012089
"circuithub/elm-list-split",0.000381132987064141
"mgold/elm-socketio",0.00033986381012089
"avh4/elm-transducers",0.00033986381012089
"truqu/elm-base64",0.00113905288528721
"NoRedInk/elm-lazy-list",0.000889733096232229
"NoRedInk/elm-random-extra",0.000981495730947831
"avh4/elm-typed-styles",0.00033986381012089
"mgold/elm-turtle-graphics",0.00033986381012089
"chendrix/elm-numpad",0.00033986381012089
"sgraf812/elm-stateful",0.00033986381012089
"TheSeamau5/elm-material-icons",0.00033986381012089
"chendrix/elm-matrix",0.00033986381012089
"NoRedInk/elm-shrink",0.000580936315286339
"elm-community/shrink",0.00132287551093471
"zeckalpha/char-extra",0.000436158556321809
"zeckalpha/elm-sexp",0.00033986381012089
"TheSeamau5/elm-spring",0.00033986381012089
"TheSeamau5/selection-list",0.00033986381012089
"JustusAdam/elm-path",0.00033986381012089
"johnpmayer/state",0.000484305929422268
"johnpmayer/tagtree",0.00033986381012089
"johnpmayer/vec2",0.00033986381012089
"robertjlooby/elm-draggable-form",0.00033986381012089
"adam-r-kowalski/Elm-Css",0.00033986381012089
"avh4-experimental/elm-layout",0.00035591293448771
"TheSeamau5/elm-rosetree",0.00033986381012089
"NoRedInk/elm-string-extra",0.00033986381012089
"sgraf812/elm-graph",0.00033986381012089
"jinjor/elm-transition",0.00033986381012089
"aphorisme/elm-oprocesso",0.00033986381012089
"eeue56/elm-simple-data",0.00033986381012089
"rgrempel/elm-http-decorators",0.00033986381012089
"sindikat/elm-matrix",0.00033986381012089
"sindikat/elm-array-experimental",0.000388011183221349
"sindikat/elm-list-experimental",0.000388011183221349
"aluuu/elm-check-io",0.00033986381012089
"elm-community/array-extra",0.000678500334260787
"elm-community/list-extra",0.00669843569735095
"sindikat/elm-maybe-experimental",0.00033986381012089
"mgold/elm-animation",0.000429562366207046
"avh4/elm-table",0.00033986381012089
"eeue56/elm-flat-matrix",0.000619462483911415
"evancz/elm-graphics",0.00131137053218142
"rtfeldman/elm-validate",0.000452207680688628
"zarvunk/tuple-map",0.00033986381012089
"sawaken-experiment/elm-lisp-parser",0.00033986381012089
"mgold/elm-join",0.00033986381012089
"jessitron/elm-http-with-headers",0.00033986381012089
"jessitron/elm-param-parsing",0.00033986381012089
"NoRedInk/elm-rails",0.00033986381012089
"rgrempel/elm-route-hash",0.00033986381012089
"elm-community/elm-history",0.000585186139727992
"ThomasWeiser/elmfire",0.000582750111922314
"agrafix/elm-bootforms",0.00033986381012089
"tripokey/elm-fuzzy",0.000549648792915748
"rluiten/elm-date-extra",0.000957995906756831
"avh4/elm-fifo",0.000397640657841441
"Bogdanp/elm-combine",0.00331014447287936
"nphollon/collisions",0.00033986381012089
"elm-community/elm-linear-algebra",0.000762808390700238
"jackfranklin/elm-console-log",0.00033986381012089
"nphollon/mechanics",0.00033986381012089
"eeue56/elm-default-dict",0.00033986381012089
"eeue56/elm-all-dict",0.000804829870348183
"ThomasWeiser/elmfire-extra",0.000379986621037939
"b52/elm-semantic-ui",0.00033986381012089
"nphollon/interpolate",0.00033986381012089
"simonh1000/elm-charts",0.00033986381012089
"vito/elm-ansi",0.00033986381012089
"JoeyEremondi/elm-MultiDimArray",0.00033986381012089
"JoeyEremondi/elm-SafeLists",0.000484305929422268
"JoeyEremondi/elm-typenats",0.000545693830125354
"sporto/erl",0.000831769471963916
"NoRedInk/elm-task-extra",0.000910612543284707
"mgold/elm-random-sample",0.000412084869771579
"adam-r-kowalski/elm-css-legacy",0.00033986381012089
"elm-community/elm-undo-redo",0.00033986381012089
"elm-community/random-extra",0.000949555529626956
"eskimoblood/elm-wallpaper",0.00033986381012089
"NoRedInk/start-app",0.00033986381012089
"burabure/elm-collision",0.00033986381012089
"lukewestby/elm-string-interpolate",0.000526555249317921
"remoteradio/elm-widgets",0.00033986381012089
"vilterp/elm-html-extra",0.00033986381012089
"elm-community/elm-material-icons",0.000385895616827541
"elm-lang/virtual-dom",0.0299074828716389
"hanshoglund/elm-interval",0.00033986381012089
"etaque/elm-transit",0.000527638565212681
"elm-lang/animation-frame",0.00144529607565681
"etaque/elm-route-parser",0.00033986381012089
"tomjkidd/elm-multiway-tree-zipper",0.000587077643671225
"blacksheepmails/elm-set",0.00033986381012089
"vilterp/elm-pretty-print",0.00033986381012089
"danyx23/elm-mimetype",0.00033986381012089
"dasch/elm-basics-extra",0.00033986381012089
"alexeisavca/keyframes.elm",0.00033986381012089
"danyx23/elm-dropzone",0.00033986381012089
"rluiten/mailcheck",0.00033986381012089
"rluiten/stringdistance",0.000412084869771579
"bartavelle/json-helpers",0.000532453302522727
"Skinney/elm-dict-extra",0.00033986381012089
"etaque/elm-hexagons",0.00033986381012089
"poying/elm-style",0.00033986381012089
"typed-wire/elm-typed-wire-utils",0.00033986381012089
"sporto/hop",0.00033986381012089
"andybalaam/elm-param-parsing",0.00033986381012089
"lukewestby/elm-i18n",0.00033986381012089
"ir4y/elm-cursor",0.00033986381012089
"JulianKniephoff/elm-time-extra",0.00033986381012089
"ggb/porterstemmer",0.00033986381012089
"rluiten/trie",0.000476877477572483
"lukewestby/elm-template",0.00033986381012089
"rluiten/stemmer",0.000476877477572483
"poying/sloth.elm",0.00033986381012089
"rluiten/sparsevector",0.000476877477572483
"thSoft/key-constants",0.00033986381012089
"rluiten/lunrelm",0.00033986381012089
"rluiten/elm-text-search",0.000381132987064141
"NoRedInk/elm-decode-pipeline",0.00297559574235084
"alinz/elm-vector2d",0.00033986381012089
"etaque/elm-response",0.000580600675623187
"mgold/elm-random-pcg",0.0023176726035456
"etaque/elm-transit-router",0.00033986381012089
"etaque/elm-transit-style",0.00033986381012089
"elm-community/easing-functions",0.000521218915465953
"VerbalExpressions/elm-verbal-expressions",0.000388011183221349
"fresheyeball/elm-check-runner",0.00033986381012089
"newlandsvalley/elm-comidi",0.00033986381012089
"splodingsocks/elm-type-extractor",0.00033986381012089
"jackfranklin/elm-statey",0.00033986381012089
"martinsk/elm-datastructures",0.00033986381012089
"etaque/elm-dialog",0.00033986381012089
"elm-community/elm-webgl",0.000508379615972498
"rhofour/elm-pairing-heap",0.000592436904843716
"rizafahmi/elm-semantic-ui",0.00033986381012089
"simonh1000/elm-jwt",0.00033986381012089
"lattenwald/elm-base64",0.000397640657841441
"danyx23/elm-uuid",0.000471609925682087
"rogeriochaves/elm-test-bdd-style",0.00033986381012089
"rtfeldman/node-test-runner",0.000602954813134114
"Fresheyeball/elm-cardinal",0.00033986381012089
"Fresheyeball/elm-restrict-number",0.00033986381012089
"Fresheyeball/elm-tuple-extra",0.000487028548734496
"fresheyeball/elm-cardinal",0.00033986381012089
"garetht/elm-dynamic-style",0.00033986381012089
"kennib/elm-swipe",0.00033986381012089
"eskimoblood/elm-simplex-noise",0.00033986381012089
"elm-community/elm-random-extra",0.000482613779201381
"johnpmayer/elm-opaque",0.00033986381012089
"jvoigtlaender/elm-drag",0.00033986381012089
"lukewestby/elm-http-extra",0.000379986621037939
"mdgriffith/elm-html-animation",0.00033986381012089
"SelectricSimian/elm-constructive",0.00033986381012089
"jsanchesleao/elm-assert",0.00033986381012089
"Fresheyeball/elm-sprite",0.00033986381012089
"fredcy/elm-parseint",0.00113578556299284
"gummesson/elm-csv",0.00033986381012089
"mdgriffith/elm-color-mixing",0.00033986381012089
"eskimoblood/elm-color-extra",0.00105209385741216
"etaque/elm-simple-form",0.000628748048723646
"brenden/elm-tree-diagram",0.00033986381012089
"apuchenkin/elm-multiway-tree-extra",0.000360498398592515
"arturopala/elm-monocle",0.000604674362173416
"z5h/time-app",0.00033986381012089
"williamwhitacre/gigan",0.00033986381012089
"Fresheyeball/elm-nearly-eq",0.00033986381012089
"jvoigtlaender/elm-memo",0.000360498398592515
"Bogdanp/elm-route",0.000375974339946234
"Fresheyeball/elm-yala",0.00033986381012089
"apuchenkin/elm-nested-router",0.00033986381012089
"elm-lang/navigation",0.00185198312773653
"deadfoxygrandpa/elm-architecture",0.00033986381012089
"fredcy/elm-timer",0.00033986381012089
"Voronchuk/hexagons",0.00033986381012089
"williamwhitacre/scaffold",0.00033986381012089
"ccapndave/elm-effects-extra",0.00033986381012089
"dustinspecker/is-fibonacci-number",0.00033986381012089
"mmetcalfe/elm-random-distributions",0.00033986381012089
"dustinspecker/last",0.00033986381012089
"dustinspecker/list-join-conjunction",0.00033986381012089
"dustinspecker/capitalize-word",0.000397640657841441
"dustinspecker/us-states",0.00033986381012089
"dustinspecker/dict-key-values",0.000397640657841441
"rtfeldman/elm-css",0.00265637618358633
"rtfeldman/elm-css-util",0.00142429796214273
"rtfeldman/hex",0.00163772201875334
"Skinney/murmur3",0.00135151114154762
"astynax/elm-state",0.00033986381012089
"etaque/elm-simple-form-infix",0.00033986381012089
"wernerdegroot/listzipper",0.000462639611527061
"camjc/elm-chart",0.00033986381012089
"splodingsocks/elm-easy-events",0.00033986381012089
"debois/elm-mdl",0.00033986381012089
"debois/elm-dom",0.00127295943183987
"debois/elm-parts",0.00046242075983115
"elm-lang/window",0.00140374943905456
"elm-lang/dom",0.0044462094644621
"elm-lang/mouse",0.00219892741857585
"lynn/elm-arithmetic",0.00033986381012089
"robertjlooby/elm-generic-dict",0.000388011183221349
"rtfeldman/elm-css-helpers",0.00164269342717254
"alech/elm-calendarweeks",0.00033986381012089
"danpalmer/elm-param-parsing",0.00033986381012089
"w0rm/elm-slice-show",0.00033986381012089
"elm-lang/keyboard",0.00222089856561894
"abrykajlo/elm-scroll",0.000412084869771579
"splodingsocks/elm-html-table",0.00033986381012089
"pukkamustard/elm-identicon",0.00033986381012089
"teocollin1995/complex",0.00033986381012089
"williamwhitacre/pylon",0.00033986381012089
"lorenzo/elm-string-addons",0.00033986381012089
"ggb/numeral-elm",0.00033986381012089
"javcasas/elm-integer",0.000484305929422268
"thebritican/elm-autocomplete",0.00033986381012089
"jweir/elm-iso8601",0.000436158556321809
"williamwhitacre/elm-encoding",0.00033986381012089
"pdamoc/elm-hashids",0.00033986381012089
"truqu/elm-dictset",0.00033986381012089
"seanhess/elm-style",0.00033986381012089
"damienklinnert/elm-hue",0.00033986381012089
"javcasas/elm-decimal",0.00033986381012089
"marcosh/elm-html-to-unicode",0.00033986381012089
"poying/elm-router",0.00033986381012089
"joneshf/elm-",0.00033986381012089
"liamcurry/elm-media",0.00033986381012089
"prozacchiwawa/effmodel",0.00033986381012089
"simonewebdesign/elm-timer",0.00033986381012089
"NoRedInk/elm-api-components",0.00033986381012089
"NoRedInk/nri-elm-css",0.000481898560767245
"Bogdanp/elm-generate",0.00033986381012089
"ndr-qef/microkanren.elm",0.00033986381012089
"williamwhitacre/elm-lexer",0.00033986381012089
"avh4/elm-testable",0.000436158556321809
"KtorZ/elm-notification",0.00033986381012089
"NoRedInk/elm-sweet-poll",0.00033986381012089
"hrldcpr/elm-cons",0.00033986381012089
"krisajenkins/elm-dialog",0.00033986381012089
"jasonmahr/html-escape-sequences",0.00033986381012089
"ccapndave/elm-update-extra",0.000400850482714805
"elm-community/lazy-list",0.00133589345748766
"eeue56/elm-shrink",0.000793727468429554
"eeue56/elm-lazy-list",0.0008853587585101
"eeue56/elm-lazy",0.00113621040675463
"elm-lang/geolocation",0.00033986381012089
"elm-lang/page-visibility",0.00033986381012089
"elm-lang/websocket",0.000920383565789286
"lukewestby/elm-http-builder",0.000756258341818029
"elm-community/elm-json-extra",0.00033986381012089
"truqu/elm-mustache",0.00033986381012089
"athanclark/elm-debouncer",0.00033986381012089
"elm-community/elm-list-extra",0.000542082777142819
"athanclark/elm-every",0.00033986381012089
"janiczek/elm-markov",0.00033986381012089
"camjc/elm-quiz",0.00033986381012089
"NoRedInk/elm-phoenix",0.00033986381012089
"lovasoa/choices",0.00033986381012089
"elm-community/basics-extra",0.000695224720324586
"shelakel/elm-validate",0.00033986381012089
"mdgriffith/elm-style-animation",0.000718164598767356
"elm-community/maybe-extra",0.00177911632531404
"athanclark/elm-duration",0.000412084869771579
"massung/elm-css",0.00033986381012089
"lovasoa/elm-component-list",0.00033986381012089
"stil4m/elm-aui-css",0.00033986381012089
"robinpokorny/elm-brainfuck",0.00033986381012089
"mdgriffith/elm-style-animation-0.16",0.00033986381012089
"mdgriffith/elm-style-animation-zero-sixteen",0.00033986381012089
"elm-community/result-extra",0.000857081233822444
"lovasoa/elm-jsonpseudolist",0.00033986381012089
"szabba/elm-timestamp",0.00033986381012089
"emtenet/elm-component-support",0.00033986381012089
"elm-community/dict-extra",0.000438279333470281
"elm-community/list-split",0.00033986381012089
"krisajenkins/history",0.00033986381012089
"aristidesstaffieri/elm-poisson",0.00033986381012089
"ohanhi/keyboard-extra",0.000633906695841552
"elm-community/svg-extra",0.00033986381012089
"league/difference-list",0.00033986381012089
"Fresheyeball/elm-number-expanded",0.00033986381012089
"lovasoa/elm-csv",0.000436158556321809
"athanclark/elm-discrete-transition",0.00033986381012089
"elm-community/intdict",0.00049393540404236
"szabba/elm-laws",0.00033986381012089
"evancz/url-parser",0.00057591099642509
"ersocon/creditcard-validation",0.00033986381012089
"szabba/elm-animations",0.00033986381012089
"ingara/elm-asoiaf-api",0.00033986381012089
"prikhi/elm-http-builder",0.000388011183221349
"fbonetti/elm-phoenix-socket",0.00033986381012089
"Fresheyeball/elm-guards",0.000436158556321809
"abadi199/elm-creditcard",0.00033986381012089
"abadi199/elm-input-extra",0.000412084869771579
"bardt/elm-rosetree",0.00033986381012089
"league/unique-id",0.00033986381012089
"Bogdanp/elm-datepicker",0.00033986381012089
"jergason/elm-hash",0.000397640657841441
"lukewestby/package-info",0.00033986381012089
"elm-community/undo-redo",0.00033986381012089
"Fresheyeball/elm-function-extra",0.000448195399596923
"toastal/either",0.000626641601150501
"fbonetti/elm-geodesy",0.00033986381012089
"besuikerd/elm-dictset",0.000388011183221349
"Fresheyeball/elm-animate-css",0.00033986381012089
"Fresheyeball/elm-font-awesome",0.000375974339946234
"joneshf/elm-constraint",0.00033986381012089
"jinjor/elm-time-travel",0.000388011183221349
"jinjor/elm-inline-hover",0.000369846492460721
"jinjor/elm-diff",0.000369846492460721
"dhruvin2910/elm-css",0.00033986381012089
"mattjbray/elm-prismicio",0.00033986381012089
"elm-community/json-extra",0.00165338576547533
"ondras/elm-irc",0.00033986381012089
"stasdavydov/elm-cart",0.00033986381012089
"Fresheyeball/elm-return",0.000412084869771579
"joneshf/elm-mom",0.00033986381012089
"akbiggs/elm-effects",0.000484305929422268
"hoelzro/elm-drag",0.00033986381012089
"krisajenkins/elm-cdn",0.000375974339946234
"akbiggs/elm-game-update",0.00033986381012089
"rgrempel/elm-route-url",0.00033986381012089
"pdamoc/elm-css",0.00033986381012089
"fredcy/elm-defer-command",0.00033986381012089
"Skinney/collections-ng",0.00033986381012089
"SamirTalwar/arborist",0.00033986381012089
"project-fuzzball/node",0.00033986381012089
"project-fuzzball/test",0.000509382686245424
"project-fuzzball/test-runner",0.000420109431954989
"rtfeldman/legacy-elm-test",0.00033986381012089
"rtfeldman/html-test-runner",0.000371962058854529
"shmookey/cmd-extra",0.000412084869771579
"krisajenkins/formatting",0.00033986381012089
"athanclark/elm-threading",0.00033986381012089
"pinx/elm-mdl",0.00033986381012089
"elm-community/graph",0.00033986381012089
"nphollon/collision",0.00033986381012089
"nphollon/geo3d",0.000412084869771579
"paramanders/elm-hexagon",0.00033986381012089
"fauu/elm-selectable-text",0.00033986381012089
"ccapndave/elm-flat-map",0.00033986381012089
"rainteller/elm-capitalize",0.00033986381012089
"fapian/elm-html-aria",0.00033986381012089
"folkertdev/elm-deque",0.000375786622509444
"thaterikperson/elm-blackjack",0.00033986381012089
"justinmimbs/elm-date-extra",0.000854517672796351
"fredcy/elm-debouncer",0.00033986381012089
"willnwhite/bigratio",0.00033986381012089
"folkertdev/elm-state",0.000717820688959496
"MatthewJohnHeath/elm-fingertree",0.00033986381012089
"noahzgordon/elm-jsonapi",0.000412084869771579
"danielnarey/elm-modular-design",0.00033986381012089
"mbylstra/elm-html-helpers",0.00033986381012089
"cobalamin/history-tree",0.00033986381012089
"folkertdev/outmessage",0.000436158556321809
"krisajenkins/remotedata",0.0011973742568702
"erwald/elm-edit-distance",0.00033986381012089
"Skinney/elm-array-exploration",0.00122728919939939
"krisajenkins/elm-astar",0.00033986381012089
"Skinney/fnv",0.0004457880309419
"xarvh/elm-slides",0.00033986381012089
"lynn/elm-ordinal",0.00033986381012089
"lorenzo/elm-tree-diagram",0.00033986381012089
"wuct/elm-charts",0.00033986381012089
"mukeshsoni/elm-rope",0.00033986381012089
"RobbieMcKinstry/stripe",0.00033986381012089
"JeremyBellows/elm-bootstrapify",0.00033986381012089
"ggb/elm-bloom",0.00033986381012089
"lukewestby/worker",0.00033986381012089
"elm-community/string-extra",0.00083350263409978
"ggb/elm-sentiment",0.00033986381012089
"evancz/elm-sortable-table",0.00033986381012089
"halfzebra/elm-sierpinski",0.00033986381012089
"tiziano88/elm-oauth",0.00033986381012089
"benthepoet/elm-purecss",0.00033986381012089
"overminddl1/program-ex",0.00033986381012089
"Kwarrtz/render",0.00033986381012089
"sh4r3m4n/elm-piano",0.00033986381012089
"zaidan/elm-collision",0.00033986381012089
"joneshf/elm-tagged",0.00033986381012089
"joneshf/elm-proxy",0.00033986381012089
"tiziano88/elm-tfl",0.00033986381012089
"damienklinnert/elm-spinner",0.000381132987064141
"joneshf/elm-proof",0.00033986381012089
"knledg/touch-events",0.00033986381012089
"alltonp/elm-driveby",0.00033986381012089
"ggb/elm-trend",0.00033986381012089
"cacay/elm-void",0.00033986381012089
"joneshf/elm-these",0.00033986381012089
"benansell/elm-geometric-transformation",0.00033986381012089
"JoeyEremondi/safelist",0.000436158556321809
"JoeyEremondi/typenats",0.000621525942758577
"JoeyEremondi/array-multidim",0.00033986381012089
"maksar/elm-function-extra",0.00033986381012089
"maksar/elm-workflow",0.00033986381012089
"Fresheyeball/perspective",0.00033986381012089
"r31gN/elm-dropdown",0.00033986381012089
"doodledood/elm-split-pane",0.00033986381012089
"yotamDvir/elm-pivot",0.00033986381012089
"athanclark/elm-param-parsing-2",0.00033986381012089
"noahzgordon/elm-jsonapi-http",0.00033986381012089
"tortus/elm-array-2d",0.00033986381012089
"john-kelly/elm-rest",0.00033986381012089
"jtojnar/elm-json-tape",0.00033986381012089
"scottcorgan/elm-css-normalize",0.00033986381012089
"scottcorgan/elm-html-template",0.000436158556321809
"jvoigtlaender/elm-warshall",0.00033986381012089
"jvoigtlaender/elm-gauss",0.00033986381012089
"elm-community/ratio",0.000551712251762911
"scottcorgan/elm-css-reset",0.00033986381012089
"jinjor/elm-html-parser",0.00033986381012089
"ktonon/elm-child-update",0.00033986381012089
"elm-community/linear-algebra",0.001436050920247
"gampleman/elm-visualization",0.000381132987064141
"opensolid/geometry",0.000895485928657724
"folkertdev/one-true-path-experiment",0.000380359189996455
"Zinggi/elm-webgl-math",0.000584797808236617
"john-kelly/elm-postgrest",0.00033986381012089
"cobalamin/elm-json-extra",0.00033986381012089
"folkertdev/svg-path-dsl",0.000375974339946234
"freakingawesome/drunk-label",0.00033986381012089
"justinmimbs/elm-date-selector",0.00033986381012089
"ccapndave/elm-list-map",0.00033986381012089
"gilesbowkett/html-escape-sequences",0.00033986381012089
"bcardiff/elm-debounce",0.00033986381012089
"jschomay/elm-narrative-engine",0.00033986381012089
"vipentti/elm-dispatch",0.00033986381012089
"spect88/romkan-elm",0.00033986381012089
"MacCASOutreach/graphicsvg",0.00033986381012089
"Fresheyeball/sprite",0.00033986381012089
"cobalamin/safe-int",0.00033986381012089
"mpizenberg/elm-image-collection",0.000381132987064141
"techanvil/key-constants",0.00033986381012089
"mpizenberg/elm-image-annotation",0.00033986381012089
"opensolid/svg",0.000381132987064141
"piotrdubiel/elm-art-in-pi",0.00033986381012089
"mxgrn/elm-phoenix-socket",0.00033986381012089
"Bogdanp/elm-ast",0.000388011183221349
"elm-community/parser-combinators",0.00103541530644908
"TheDahv/doctari",0.00033986381012089
"hendore/elm-adorable-avatars",0.00033986381012089
"hugobessaa/elm-logoot",0.00033986381012089
"Bogdanp/elm-time",0.000371962058854529
"enetsee/typed-format",0.00033986381012089
"hendore/elm-temperature",0.00033986381012089
"mbr/elm-mouse-events",0.00033986381012089
"roSievers/font-awesome",0.00033986381012089
"teepark/elmoji",0.00033986381012089
"turboMaCk/chae-tree",0.00033986381012089
"knewter/elm-rfc5988-parser",0.00033986381012089
"Zinggi/elm-game-resources",0.00033986381012089
"elm-community/webgl",0.000582789192582298
"chrisbuttery/elm-scroll-progress",0.00033986381012089
"toastal/trinary",0.00033986381012089
"edvail/elm-polymer",0.00033986381012089
"ivanceras/svgbob",0.00033986381012089
"Zinggi/elm-2d-game",0.00033986381012089
"labzero/elm-google-geocoding",0.00033986381012089
"pietro909/elm-sticky-header",0.00033986381012089
"spisemisu/elm-sha",0.000580600675623187
"spisemisu/elm-utf8",0.000540477864706137
"spisemisu/elm-bytes",0.0006728831407324
"benansell/lobo-elm-test-extra",0.00033986381012089
"billstclair/elm-bitwise-infix",0.000518610932756345
"nathanfox/elm-string-format",0.00033986381012089
"billstclair/elm-sha256",0.00033986381012089
"joneshf/elm-tail-recursion",0.00033986381012089
"jahewson/elm-graphql-module",0.00033986381012089
"tesk9/elm-html-textup",0.00033986381012089
"matthewsj/elm-ordering",0.00033986381012089
"jinjor/elm-debounce",0.00033986381012089
"spisemisu/elm-merkletree",0.00033986381012089
"danielnarey/elm-toolkit",0.00129447214710908
"arowM/elm-time-machine",0.00033986381012089
"toastal/return-optics",0.00033986381012089
"chrisbuttery/is-online",0.00033986381012089
"arowM/elm-monoid",0.00033986381012089
"micktwomey/elmo-8",0.00033986381012089
"nphollon/update-clock",0.000363937496671119
"Logiraptor/elm-bench",0.00033986381012089
"mgold/elm-geojson",0.000412084869771579
"chrisbuttery/reading-time",0.00033986381012089
"sixty-north/elm-task-repeater",0.00033986381012089
"NoRedInk/elm-simple-fuzzy",0.00033986381012089
"danielnarey/elm-css-basics",0.000624125900906002
"danielnarey/elm-stylesheet",0.00033986381012089
"danielnarey/elm-font-import",0.00033986381012089
"rhofour/elm-astar",0.00033986381012089
"scottcorgan/elm-keyboard-combo",0.00033986381012089
"scottcorgan/keyboard-combo",0.00033986381012089
"mdgriffith/style-elements",0.000619921030321895
"terezka/elm-plot",0.000438909834784692
"myrho/elm-round",0.0010847300384036
"bruz/elm-simple-form-infix",0.00033986381012089
"jreut/elm-grid",0.00033986381012089
"chrisbuttery/elm-greeting",0.00033986381012089
"chrisbuttery/elm-parting",0.00033986381012089
"thomasloh/elm-phone",0.00033986381012089
"mattrrichard/elm-disjoint-set",0.00033986381012089
"danielnarey/elm-html-tree",0.000397640657841441
"ir4y/elm-dnd",0.00033986381012089
"danielnarey/elm-input-validation",0.000397640657841441
"mpdairy/elm-component-updater",0.00033986381012089
"mpizenberg/elm-touch-events",0.000462433265642345
"kintail/input-widget",0.00033986381012089
"lgastako/elm-select",0.00033986381012089
"danielnarey/elm-form-capture",0.00033986381012089
"powet/elm-funfolding",0.00033986381012089
"folkertdev/elm-bounding-box",0.000375974339946234
"avh4/elm-meshes",0.00033986381012089
"mulander/diceware",0.00033986381012089
"naddeoa/elm-simple-bootstrap",0.00033986381012089
"billstclair/elm-dynamodb",0.00033986381012089
"wintvelt/elm-print-any",0.00033986381012089
"Bogdanp/elm-querystring",0.000592687672411948
"sanichi/elm-md5",0.000412084869771579
"bloom/elm-return",0.00033986381012089
"bloom/remotedata",0.00033986381012089
"billstclair/elm-versioned-json",0.00033986381012089
"etaque/elm-form",0.000412084869771579
"trifectalabs/elm-geojson",0.00033986381012089
"pzingg/elm-navigation-extra",0.00033986381012089
"jinjor/elm-contextmenu",0.000397640657841441
"eeue56/elm-html-in-elm",0.000510305510896516
"eeue56/elm-html-query",0.000397640657841441
"MichaelCombs28/elm-parts",0.000484305929422268
"MichaelCombs28/elm-dom",0.000388011183221349
"omarroth/elm-dom",0.00033986381012089
"omarroth/elm-parts",0.00033986381012089
"MichaelCombs28/elm-mdl",0.00033986381012089
"eeue56/elm-stringify",0.00033986381012089
"danielnarey/elm-css-math",0.00033986381012089
"tapeinosyne/elm-microkanren",0.00033986381012089
"zaboco/elm-draggable",0.000381132987064141
"ydschneider/regex-builder",0.00033986381012089
"emilyhorsman/elm-speechrecognition-interop",0.00033986381012089
"lagunoff/elm-mdl",0.00033986381012089
"wittjosiah/elm-css",0.00033986381012089
"Pilatch/elm-simple-port-program",0.00033986381012089
"prikhi/remote-status",0.00033986381012089
"arowM/elm-chat-scenario",0.00033986381012089
"adeschamps/mdl-context",0.00033986381012089
"derekdreery/elm-die-faces",0.00033986381012089
"gmauricio/elm-semantic-ui",0.00033986381012089
"gaborv/debouncer",0.00033986381012089
"SwiftsNamesake/please-focus",0.000482500402931001
"swiftsnamesake/euclidean-space",0.00033986381012089
"turboMaCk/grid-solver",0.00033986381012089
"SwiftsNamesake/euclidean-space",0.00033986381012089
"frenchdonuts/elm-autocomplete",0.00033986381012089
"billperegoy/elm-form-validations",0.00033986381012089
"Kinto/elm-kinto",0.00033986381012089
"mpizenberg/elm-debounce",0.00033986381012089
"splodingsocks/elm-add-import",0.00033986381012089
"newlandsvalley/elm-abc-parser",0.00033986381012089
"RomanErnst/updated-list",0.00033986381012089
"ccapndave/elm-translator",0.00033986381012089
"ccapndave/elm-reflect",0.000412084869771579
"ashelab/elm-cqrs",0.00033986381012089
"mhoare/elm-stack",0.000484305929422268
"aardito2/realm",0.00033986381012089
"eeue56/elm-html-test",0.00033986381012089
"myrho/dive",0.00033986381012089
"JoelQ/elm-dollar",0.00033986381012089
"sporto/elm-select",0.00033986381012089
"myrho/elm-statistics",0.00033986381012089
"SwiftsNamesake/proper-keyboard",0.000532453302522727
"cuducos/elm-format-number",0.00033986381012089
"lukewestby/lru-cache",0.00033986381012089
"ktonon/elm-english-dictionary",0.00033986381012089
"alepop/elm-google-url-shortener",0.00033986381012089
"naddeoa/stream",0.00033986381012089
"periodic/elm-csv",0.000397640657841441
"justinmimbs/elm-arc-diagram",0.00033986381012089
"kallaspriit/elm-basic-auth",0.00033986381012089
"elm-community/material-icons",0.00033986381012089
"mkovacs/quaternion",0.000412084869771579
"rogeriochaves/elm-testable",0.000436158556321809
"abadi199/datetimepicker",0.000513194353282544
"abadi199/dateparser",0.000466611769807849
"bcardiff/elm-infscroll",0.00033986381012089
"capitalist/elm-octicons",0.00033986381012089
"thaterikperson/elm-strftime",0.00033986381012089
"tiziano88/elm-protobuf",0.00033986381012089
"brainrape/elm-ast",0.00033986381012089
"ohanhi/elm-web-data",0.00033986381012089
"jfmengels/elm-ast",0.000388011183221349
"mikaxyz/elm-cropper",0.00033986381012089
"sporto/elm-autocomplete",0.00033986381012089
"sporto/elm-dropdown",0.000388011183221349
"alpacaaa/elm-date-distance",0.00033986381012089
"comsysto/harvest-api",0.00033986381012089
"arowM/elm-check-button",0.00033986381012089
"base-dev/elm-graphql-module",0.00033986381012089
"ianp/elm-datepicker",0.00033986381012089
"ktonon/elm-serverless",0.000484305929422268
"ktonon/url-parser",0.000422195818122675
"synbioz/elm-time-overlap",0.00033986381012089
"pablohirafuji/elm-markdown",0.000513194353282544
"pablohirafuji/elm-char-codepoint",0.000545212356394349
"Zinggi/elm-obj-loader",0.00033986381012089
"soenkehahn/elm-operational",0.000412084869771579
"soenkehahn/elm-operational-mocks",0.00033986381012089
"toastal/select-prism",0.00033986381012089
"danielnarey/elm-css-frameworks",0.00033986381012089
"ktonon/elm-test-extra",0.00033986381012089
"Leonti/elm-time-picker",0.00033986381012089
"JordyMoos/elm-clockpicker",0.00033986381012089
"iosphere/elm-logger",0.00033986381012089
"NoRedInk/rocket-update",0.00033986381012089
"elm-community/elm-datepicker",0.00033986381012089
"SimplyNaOH/elm-searchable-menu",0.00033986381012089
"elm-tools/parser-primitives",0.0013261047685323
"elm-tools/parser",0.0017541272774332
"elm-tools/documentation",0.00033986381012089
"lovasoa/elm-format-number",0.00033986381012089
"halfzebra/elm-aframe",0.00033986381012089
"eeue56/elm-xml",0.000499652904598039
"crazymykl/ex-em-elm",0.00033986381012089
"elm-community/elm-time",0.000367347935599069
"danielnarey/elm-bulma-classes",0.000375974339946234
"iosphere/elm-toast",0.00033986381012089
"canadaduane/elm-hccb",0.00033986381012089
"jfmengels/elm-lint",0.00033986381012089
"werner/diyalog",0.00033986381012089
"matthewrankin/elm-mdl",0.00033986381012089
"marcosccm/elm-datepicker",0.00033986381012089
"damukles/elm-dialog",0.00033986381012089
"ericgj/elm-autoinput",0.00033986381012089
"ktonon/elm-serverless-cors",0.00033986381012089
"avh4/elm-favicon",0.00033986381012089
"torgeir/elm-github-events",0.00033986381012089
"TSFoster/elm-heap",0.000381132987064141
"Gizra/elm-dictlist",0.00033986381012089
"kkpoon/elm-echarts",0.00033986381012089
"RoyalIcing/lofi-elm",0.000412084869771579
"ericgj/elm-validation",0.00033986381012089
"zwilias/elm-tree",0.00033986381012089
"billstclair/elm-digital-ocean",0.00033986381012089
"rolograaf/elm-favicon",0.00033986381012089
"Leonti/elm-material-datepicker",0.00033986381012089
"avh4/elm-beautiful-example",0.00033986381012089
"rjdestigter/elm-convert-units",0.00033986381012089
"lovasoa/elm-median",0.00033986381012089
"zaidan/elm-gridbox",0.00033986381012089
"amilner42/keyboard-extra",0.00033986381012089
"norpan/elm-html5-drag-drop",0.000375974339946234
"TSFoster/elm-compare",0.00033986381012089
"prozacchiwawa/elm-json-codec",0.00033986381012089
"peterszerzo/elm-cms",0.00033986381012089
"BrianHicks/elm-avl-exploration",0.00033986381012089
"zwilias/elm-avl-dict-exploration",0.00033986381012089
"prozacchiwawa/elm-urlbase64",0.000389902687164581
"ThinkAlexandria/keyboard-extra",0.00033986381012089
"NoRedInk/json-elm-schema",0.00033986381012089
"norpan/elm-json-patch",0.000368752233981165
"BrianHicks/elm-benchmark",0.00033986381012089
"BrianHicks/elm-trend",0.000397640657841441
"jweir/sparkline",0.00033986381012089
"ccapndave/focus",0.00033986381012089
"mdgriffith/elm-animation-pack",0.00033986381012089
"jschomay/elm-bounded-number",0.000436158556321809
"billstclair/elm-dev-random",0.00033986381012089
"ghivert/elm-cloudinary",0.00033986381012089
"jschomay/elm-paginate",0.00033986381012089
"rundis/elm-bootstrap",0.000417243516889485
"pablohirafuji/elm-qrcode",0.00033986381012089
"antivanov/eunit",0.00033986381012089
"eeue56/elm-alternative-json",0.00033986381012089
"rogeriochaves/elm-testable-css-helpers",0.00033986381012089
"elm-bodybuilder/formbuilder",0.00045335404671483
"maorleger/elm-infinite-zipper",0.00033986381012089
"Chadtech/elm-loop",0.00033986381012089
"lovasoa/elm-nested-list",0.00033986381012089
"mthadley/elm-byte",0.000630907224656004
"lovasoa/elm-rolling-list",0.00033986381012089
"jtanguy/moulin-rouge",0.00033986381012089
"bitrage-io/elm-ratequeue",0.00033986381012089
"iosphere/elm-network-graph",0.00033986381012089
"Bernardoow/elm-rating-component",0.00033986381012089
"Bernardoow/elm-alert-timer-message",0.00033986381012089
"dwyl/elm-input-tables",0.00033986381012089
"h0lyalg0rithm/elm-select",0.00033986381012089
"terezka/elm-view-utils",0.00033986381012089
"NoRedInk/elm-view-utils",0.00033986381012089
"elm-bodybuilder/formbuilder-autocomplete",0.00033986381012089
"elm-bodybuilder/elegant",0.000573722479465978
"elm-bodybuilder/formbuilder-photo",0.00033986381012089
"tesk9/elm-html-a11y",0.000375974339946234
"vieiralucas/elm-collections",0.00033986381012089
"trifectalabs/elm-polyline",0.00033986381012089
"ohanhi/remotedata-http",0.000381132987064141
"ohanhi/autoexpand",0.000371962058854529
"andys8/elm-geohash",0.00033986381012089
"jamesmacaulay/elm-graphql",0.00033986381012089
"relabsoss/elm-date-extra",0.00033986381012089
"xarvh/elm-styled-html",0.00033986381012089
"canadaduane/typed-svg",0.00033986381012089
"nvaldes/elm-bootstrap",0.00033986381012089
"billstclair/elm-html-template",0.00033986381012089
"tunguski/elm-ast",0.00033986381012089
"tesk9/elm-tabs",0.00033986381012089
"tesk9/accessible-html",0.00040486276380651
"RGBboy/websocket-server",0.00033986381012089
"marshallformula/elm-swiper",0.00033986381012089
"stil4m/rfc2822-datetime",0.00033986381012089
"Spottt/elm-dialog",0.00033986381012089
"bendyworks/elm-action-cable",0.00033986381012089
"NoRedInk/elm-feature-interest",0.00033986381012089
"stoeffel/set-extra",0.00033986381012089
"oleiade/elm-maestro",0.00033986381012089
"Chadtech/elm-us-state-abbreviations",0.00033986381012089
"eskimoblood/elm-parametric-surface",0.00033986381012089
"rtfeldman/console-print",0.000604674362173416
"GlobalWebIndex/cmd-extra",0.00033986381012089
"juanedi/charty",0.00033986381012089
"stephenreddek/elm-range-slider",0.00033986381012089
"jamby1100/elm-blog-engine",0.00033986381012089
"NoRedInk/view-extra",0.000368752233981165
"terezka/elm-cartesian-svg",0.00033986381012089
"rtfeldman/count",0.00033986381012089
"wende/elm-ast",0.00033986381012089
"terezka/elm-plot-rouge",0.00033986381012089
"terezka/colors",0.000412084869771579
"turboMaCk/tea-component",0.00033986381012089
"roine/elm-perimeter",0.00033986381012089
"MichaelCombs28/unit-list",0.00033986381012089
"danielnarey/elm-color-math",0.00033986381012089
"dailydrip/elm-emoji",0.00033986381012089
"elm-bodybuilder/elm-function",0.00038050248574973
"davidpelaez/elm-scenic",0.00033986381012089
"ludvigsen/elm-svg-ast",0.00033986381012089
"CallumJHays/elm-unwrap",0.000436158556321809
"CallumJHays/elm-sliders",0.00033986381012089
"CallumJHays/elm-kalman-filter",0.00033986381012089
"elm-community/typed-svg",0.000375974339946234
"ucode/elm-path",0.00033986381012089
"SHyx0rmZ/selectable-list",0.00033986381012089
"turboMaCk/glue",0.00033986381012089
"rtfeldman/ziplist",0.00033986381012089
"mpizenberg/elm-mouse-events",0.000436158556321809
"seurimas/slime",0.00033986381012089
"joonazan/elm-ast",0.00033986381012089
"ryanolsonx/elm-mock-http",0.00033986381012089
"stoeffel/editable",0.000412084869771579
"RoyalIcing/lofi-schema-elm",0.00033986381012089
"iosphere/elm-i18n",0.00033986381012089
"ryanolsonx/elm-time-range",0.00033986381012089
"jamesmacaulay/elm-json-bidirectional",0.00033986381012089
"christophp/elm-i18next",0.00033986381012089
"humio/elm-plot",0.00033986381012089
"ChristophP/elm-i18next",0.00033986381012089
"joonazan/elm-type-inference",0.00033986381012089
"seanpile/elm-orbit-controls",0.00033986381012089
"stil4m/structured-writer",0.000388011183221349
"imjoehaines/afinn-165-elm",0.00033986381012089
"turboMaCk/queue",0.00033986381012089
"rtfeldman/selectlist",0.000412084869771579
"john-kelly/elm-interactive-graphics",0.00033986381012089
"peterszerzo/elm-gameroom",0.00033986381012089
"opensolid/linear-algebra",0.00033986381012089
"kress95/random-pcg-extra",0.00033986381012089
"basti1302/elm-human-readable-filesize",0.00033986381012089
"NoRedInk/datetimepicker",0.00033986381012089
"cultureamp/elm-css-modules-loader",0.00033986381012089
"primait/elm-autocomplete",0.00033986381012089
"ohanhi/lorem",0.00033986381012089
"klaftertief/elm-heatmap",0.00033986381012089
"wende/elmchemy-core",0.00033986381012089
"stil4m/elm-syntax",0.00033986381012089
"splodingsocks/hipstore-ui",0.00033986381012089
"ThinkAlexandria/elm-primer-tooltips",0.00033986381012089
"pablen/toasty",0.00033986381012089
"jschonenberg/elm-dropdown",0.00033986381012089
"drathier/elm-graph",0.00049393540404236
"drathier/elm-test-graph",0.00033986381012089
"the-sett/ai-search",0.00033986381012089
"tsfoster/elm-heap",0.000381132987064141
"opensolid/webgl-math",0.00033986381012089
"ckoster22/elm-genetic",0.00033986381012089
"patrickjtoy/elm-table",0.00033986381012089
"OldhamMade/elm-charts",0.00033986381012089
"andrewMacmurray/elm-delay",0.00033986381012089
"MazeChaZer/elm-ckeditor",0.00033986381012089
"romstad/elm-chess",0.00033986381012089
"GlobalWebIndex/class-namespaces",0.00033986381012089
"eliaslfox/orderedmap",0.00033986381012089
"eliaslfox/queue",0.00033986381012089
"careport/elm-avl",0.00033986381012089
"rtfeldman/test-update",0.00033986381012089
"Gizra/elm-compat-018",0.00033986381012089
"Janiczek/elm-architecture-test",0.00033986381012089
"kfish/quaternion",0.00033986381012089
"avh4/elm-dropbox",0.00033986381012089
"avh4/elm-debug-controls",0.00033986381012089
"Gizra/elm-attribute-builder",0.00033986381012089
"sixty-north/elm-price-chart",0.00033986381012089
"truqu/elm-oauth2.0",0.00033986381012089
"truqu/elm-oauth2",0.000388011183221349
"ThinkAlexandria/elm-drag-locations",0.00033986381012089
"jvdvleuten/url-parser-combinator",0.00033986381012089
"rogeriochaves/elm-ternary",0.00033986381012089
"jinjor/elm-xml-parser",0.000544926481366565
"akoppela/elm-css-extra-ptoperties",0.00033986381012089
"akoppela/elm-css-extra-properties",0.00033986381012089
"rodinalex/elm-cron",0.00033986381012089
"wittjosiah/elm-ordered-dict",0.00033986381012089
"Gizra/elm-keyboard-event",0.00033986381012089
"justgage/tachyons-elm",0.00033986381012089
"kuzzmi/elm-gravatar",0.00033986381012089
"JohnBugner/elm-bag",0.00033986381012089
"gilbertkennen/bigint",0.000580600675623187
"enetsee/rangeslider",0.00033986381012089
"FabienHenon/elm-infinite-scroll",0.00033986381012089
"M1chaelTran/elm-graphql",0.00033986381012089
"kkpoon/elm-auth0",0.00033986381012089
"Guid75/ziplist",0.00033986381012089
"kkpoon/elm-auth0-urlparser",0.00033986381012089
"surprisetalk/elm-pointless",0.000375974339946234
"zwilias/json-decode-exploration",0.00033986381012089
"hardfire/elm-ad-bs",0.00033986381012089
"simonh1000/elm-sliding-menus",0.00033986381012089
"elm-community/html-test-runner",0.00033986381012089
"amaksimov/elm-multikey-handling",0.00033986381012089
"monty5811/remote-list",0.00033986381012089
"the-sett/auth-elm",0.00033986381012089
"FabienHenon/elm-infinite-list-view",0.00033986381012089
"nkotzias/elm-jsonp",0.00033986381012089
"fabiommendes/elm-bricks",0.00033986381012089
"brainrape/flex-html",0.00033986381012089
"surprisetalk/elm-bulma",0.00033986381012089
"ericgj/elm-csv-decode",0.00033986381012089
"aramiscd/elm-basscss",0.00033986381012089
"kennib/elm-maps",0.00033986381012089
"elm-canvas/raster-shapes",0.00033986381012089
"maorleger/elm-flash",0.00033986381012089
"lukewestby-fake-elm-lang-1/redirect-test-1",0.00033986381012089
"Elm-Canvas/element-relative-mouse-events",0.00033986381012089
"elm-canvas/element-relative-mouse-events",0.00033986381012089
"MichaelCombs28/elm-base85",0.00033986381012089
"basti1302/elm-non-empty-array",0.00033986381012089
"grrinchas/elm-natural",0.00033986381012089
"larribas/elm-multi-email-input",0.00033986381012089
"hecrj/elm-slug",0.00033986381012089
"ghivert/elm-mapbox",0.00033986381012089
"tilmans/elm-style-elements-drag-drop",0.00033986381012089
"larribas/elm-multi-input",0.00033986381012089
"folkertdev/elm-hexbin",0.00033986381012089
"lzrski/elm-polymer",0.00033986381012089
"chrisalmeida/graphqelm",0.00033986381012089
"sch/elm-aspect-ratio",0.00033986381012089
"inkuzmin/elm-multiselect",0.00033986381012089
"wittjosiah/elm-alerts",0.00033986381012089
"esanmiguelc/elm-validate",0.00033986381012089
"JohnBugner/elm-loop",0.00033986381012089
"Elm-Canvas/raster-shapes",0.00033986381012089
"NoRedInk/elm-compare",0.00033986381012089
"jwoudenberg/elm-test-experimental",0.00033986381012089
"avh4-experimental/elm-compose-programs",0.00033986381012089
"NoRedInk/list-selection",0.00033986381012089
"sjorn3/elm-fields",0.00033986381012089
"yotamDvir/elm-katex",0.00033986381012089
"dawehner/elm-colorbrewer",0.00033986381012089
"zwilias/elm-disco",0.00033986381012089
"zwilias/elm-utf-tools",0.000389902687164581
"folkertdev/svg-path-lowlevel",0.000375786622509444
"larribas/elm-image-slider",0.00033986381012089
"kfish/glsl-pasta",0.00033986381012089
"mc706/elm-clarity-ui",0.00033986381012089
"danmarcab/elm-retroactive",0.00033986381012089
"Bractlet/elm-plot",0.00033986381012089
"gribouille/elm-prelude",0.00033986381012089
"NoRedInk/style-elements",0.00033986381012089
"zwilias/elm-touch-events",0.000388011183221349
"cakenggt/elm-net",0.00033986381012089
"mrpinsky/elm-keyed-list",0.00033986381012089
"ghivert/elm-graphql",0.00033986381012089
"ghivert/elm-data-dumper",0.00033986381012089
"vmchale/elm-composition",0.00033986381012089
"eeue56/elm-http-error-view",0.000397640657841441
"jinjor/elm-csv-decode",0.00033986381012089
"rl-king/elm-modular-scale",0.00033986381012089
"eeue56/elm-debug-json-view",0.00033986381012089
"marshallformula/arrangeable-list",0.00033986381012089
"ktonon/elm-memo-pure",0.00033986381012089
"ericgj/elm-quantiles",0.00033986381012089
"lukewestby/http-extra",0.00033986381012089
"kirchner/elm-selectize",0.00033986381012089
"gribouille/elm-treeview",0.00033986381012089
"xarvh/elm-gamepad",0.00033986381012089
"flarebyte/ntriples-filter",0.00033986381012089
"Gizra/elm-all-set",0.00033986381012089
"Gizra/elm-storage-key",0.00033986381012089
"Gizra/elm-editable-webdata",0.00033986381012089
"akheron/elm-easter",0.00033986381012089
"matheus23/please-focus-more",0.000375974339946234
"matheus23/elm-drag-and-drop",0.00033986381012089
"MadonnaMat/elm-select-two",0.00033986381012089
"simonh1000/elm-colorpicker",0.00033986381012089
"sporto/polylinear-scale",0.00033986381012089
"opensolid/linear-algebra-interop",0.00033986381012089
"arowM/elm-istring",0.00033986381012089
"rtfeldman/hashed-class",0.00033986381012089
"dividat/elm-semver",0.00033986381012089
"terezka/coordinates",0.00033986381012089
"xarvh/lexical-random-generator",0.00033986381012089
"dalen/elm-charts",0.00033986381012089
"waratuman/elm-coder",0.000426013216989926
"Chadtech/elm-bool-extra",0.00033986381012089
"ktonon/elm-hmac",0.00033986381012089
"geppettodivacin/elm-couchdb",0.00033986381012089
"fedragon/elm-typed-dropdown",0.00033986381012089
"jmackie4/elm-bulma",0.00033986381012089
"Chadtech/order",0.00033986381012089
"ktonon/elm-word",0.000684808034200269
"carwow/elm-slider",0.00033986381012089
"pablohirafuji/elm-syntax-highlight",0.00033986381012089
"ktonon/elm-crypto",0.000505907764228501
"Chadtech/unique-list",0.00033986381012089
"ktonon/elm-jsonwebtoken",0.000412084869771579
"ericgj/elm-accordion-menu",0.00033986381012089
"supermario/elm-countries",0.00033986381012089
"ktonon/elm-serverless-auth-jwt",0.00033986381012089
"janiczek/cmd-extra",0.00033986381012089
"prikhi/paginate",0.00033986381012089
"mrvicadai/elm-stats",0.00033986381012089
"nonpop/elm-purl",0.00033986381012089
"rkrupinski/elm-range-slider",0.00033986381012089
"avh4-experimental/elm-debug-controls-without-datepicker",0.00033986381012089
"xarvh/elm-dropdown-menu",0.00033986381012089
"NoRedInk/elm-formatted-text",0.00033986381012089
"mdgriffith/stylish-elephants",0.000570168744784754
"prozacchiwawa/elm-keccak",0.00033986381012089
"brainrape/elm-bidict",0.00033986381012089
"amitu/elm-formatting",0.00033986381012089
"tlentz/elm-adjustable-table",0.00033986381012089
"pro100filipp/elm-graphql",0.00033986381012089
"Janiczek/cmd-extra",0.00033986381012089
"tlentz/elm-fancy-table",0.00033986381012089
"mrvicadai/elm-palette",0.00033986381012089
"DavidTobin/elm-key",0.00033986381012089
"prikhi/decimal",0.00033986381012089
"realyarilabs/yarimoji",0.00033986381012089
"owanturist/elm-validation",0.00033986381012089
"rjbma/elm-modal",0.00033986381012089
"opensolid/webgl-math-interop",0.00033986381012089
"Gizra/elm-essentials",0.000388011183221349
"adius/vectual",0.00033986381012089
"amazzeo/elm-math-strings",0.00033986381012089
"arnau/elm-feather",0.00033986381012089
"billstclair/elm-chat",0.00033986381012089
"cotterjd/elm-mdl",0.00033986381012089
"danielnarey/elm-semantic-content",0.00033986381012089
"danielnarey/elm-semantic-dom",0.000580600675623187
"danielnarey/elm-semantic-effects",0.00033986381012089
"dosarf/elm-guarded-input",0.00033986381012089
"drojas/elm-task-middleware",0.00033986381012089
"drojas/elm-http-parser",0.00033986381012089
"fabiommendes/elm-sexpr",0.00033986381012089
"fabiommendes/elm-dynamic-forms",0.00033986381012089
"guillaumeboudon/elm-creditcard",0.00033986381012089
"humio/elm-dashboard",0.00033986381012089
"j-panasiuk/elm-ionicons",0.00033986381012089
"jackfranklin/elm-parse-link-header",0.00033986381012089
"lucasssm/simpledate",0.00033986381012089
"martin-volf/elm-jsonrpc",0.00033986381012089
"milesrock/elm-creditcard",0.00033986381012089
"monty5811/elm-bible",0.00033986381012089
"pwentz/elm-pretty-printer",0.00033986381012089
"peterszerzo/elm-arborist",0.00033986381012089
"s6o/elm-simplify",0.00033986381012089
"tryzniak/assoc",0.00033986381012089
"treffynnon/elm-tfn",0.00033986381012089
"Gizra/elm-compat-017",0.00033986381012089
"paulcorke/elm-string-split",0.000484305929422268
"paulcorke/elm-number-format",0.00033986381012089
"timjs/elm-collage",0.00033986381012089
"thalissonmelo/elmcounter",0.00033986381012089
"danielspaniol/elm-tuple-extra",0.00033986381012089
"peterszerzo/elm-porter",0.00033986381012089
"dtraft/elm-classnames",0.00033986381012089
"kirchner/form-validation",0.00033986381012089
"felipesere/elm-github-colors",0.00033986381012089
"kuon/elm-string-normalize",0.00033986381012089
"mpizenberg/elm-pointer-events",0.00033986381012089
"kalutheo/elm-ui-explorer",0.00033986381012089
"csicar/elm-mathui",0.00033986381012089
"stoeffel/resetable",0.00033986381012089
"zwilias/elm-html-string",0.00033986381012089
"zwilias/json-encode-exploration",0.00033986381012089
"amaksimov/elm-maybe-pipeline",0.00033986381012089
"ggpeti/elm-html-decoder",0.00033986381012089
"ggPeti/elm-html-decoder",0.00033986381012089
"abadi199/intl-phone-input",0.00033986381012089
"Skinney/elm-dict-exploration",0.00033986381012089
"zwilias/elm-transcoder",0.00033986381012089
"stephenreddek/elm-time-picker",0.00033986381012089
"carwow/elm-theme",0.000375974339946234
"ASVBPREAUBV/elm-flexbox",0.00033986381012089
"1602/elm-feather",0.00033986381012089
"warry/ascii-table",0.00033986381012089
"carwow/elm-core",0.00033986381012089
"Warry/ascii-table",0.000412084869771579
"1602/json-value",0.00033986381012089
"fiatjaf/hashbow-elm",0.00033986381012089
"astynax/tea-combine",0.00033986381012089
"Warry/elmi-decoder",0.00033986381012089
"opensolid/mesh",0.00033986381012089
"1602/json-schema",0.00033986381012089
"omnidungeon/layout",0.00033986381012089
"rajasharan/elm-automatic-differentiation",0.00033986381012089
"Chadtech/tuple-infix",0.000381132987064141
"janjelinek/creditcard-validation",0.00033986381012089
"rnons/elm-svg-parser",0.000412084869771579
"jxxcarlson/minilatex",0.00033986381012089
"r-k-b/elm-interval",0.00033986381012089
"kuon/elm-hsluv",0.00033986381012089
"rnons/elm-svg-loader",0.00033986381012089
"zwilias/elm-reorderable",0.00033986381012089
"eeue56/elm-json-field-value",0.00033986381012089
"NoRedInk/elm-doodad",0.00033986381012089
"cjduncana/three-words",0.00033986381012089
"NoRedInk/elm-rfc5988-parser",0.00033986381012089
"Saulzar/key-constants",0.00033986381012089
"AaronCZim/to-elm-format-string",0.00033986381012089
"Saulzar/elm-keyboard-keys",0.00033986381012089
"jpagex/elm-geoip",0.00033986381012089
"miyamoen/elm-todofuken",0.00033986381012089
"dustinfarris/elm-autocomplete",0.00033986381012089
"splodingsocks/elm-tailwind",0.000412084869771579
"billstclair/elm-simple-xml-to-json",0.00033986381012089
"jonathanfishbein1/elm-comment",0.00033986381012089
"rnons/ordered-containers",0.00033986381012089
"zaptic/elm-decode-pipeline-strict",0.00033986381012089
"Chadtech/ct-colors",0.00033986381012089
"Janiczek/elm-encoding",0.00033986381012089
"Luftzig/elm-quadtree",0.00033986381012089
"Xerpa/elm-graphql",0.00033986381012089
"Janiczek/package-info",0.00033986381012089
"luftzig/elm-quadtree",0.00033986381012089
"splodingsocks/validatable",0.00033986381012089
"bloom/aviators",0.00033986381012089
"simanaitis/elm-mdl",0.00033986381012089
"Chadtech/ctpaint-keys",0.00033986381012089
"billstclair/elm-xml-extra",0.000412084869771579
"maximoleinyk/elm-parser-utils",0.00033986381012089
"arowM/elm-default",0.00033986381012089
"sporto/qs",0.00033986381012089
"ktonon/elm-aws-core",0.000412084869771579
"jfairbank/elm-stream",0.00033986381012089
"billstclair/elm-s3",0.00033986381012089
"kuzminadya/mogeefont",0.00033986381012089
"billstclair/elm-crypto-aes",0.000375974339946234
"ymtszw/elm-xml-decode",0.000482500402931001
"layer6ai/elm-filter-box",0.00033986381012089
"ymtszw/elm-http-xml",0.000375974339946234
"abadi199/datetimepicker-css",0.00033986381012089
"jpagex/elm-loader",0.00033986381012089
"stoeffel/elm-verify",0.00033986381012089
"arowM/elm-raw-html",0.00033986381012089
"jpagex/elm-material-color",0.00033986381012089
"valberg/elm-django-channels",0.00033986381012089
"billstclair/elm-crypto-string",0.00033986381012089
"elm-community/elm-route",0.00033986381012089
"chrilves/elm-io",0.00033986381012089
"Chadtech/hfnss",0.00033986381012089
"r-k-b/map-accumulate",0.00033986381012089
"dillonkearns/graphqelm",0.000397640657841441
"egillet/elm-sortable-table",0.00033986381012089
"dillonkearns/graphqelm-demo",0.00033986381012089
"newlandsvalley/elm-binary-base64",0.000472269086147153
"DrBearhands/elm-json-editor",0.00033986381012089
"pristap/smart-text",0.00033986381012089
"JordyMoos/elm-pageloader",0.00033986381012089
"layer6ai/elm-query-builder",0.00033986381012089
"joneshf/elm-comonad",0.00033986381012089
"2mol/elm-colormaps",0.00033986381012089
"MartinKavik/elm-combinatorics",0.00033986381012089
"the-sett/elm-pretty-printer",0.00033986381012089
"naddeoa/quick-cache",0.00033986381012089
"Zinggi/elm-random-pcg-extended",0.00033986381012089
"Zinggi/elm-random-general",0.000484305929422268
"the-sett/elm-string-case",0.00033986381012089
"eeue56/elm-pretty-print-json",0.00033986381012089
"wjdhamilton/elm-json-api-helpers",0.00033986381012089
"nathanjohnson320/elmark",0.00033986381012089
"billstclair/elm-oauth-middleware",0.00033986381012089
"ymtszw/elm-amazon-product-advertising",0.00033986381012089
"jackwillis/elm-dialog",0.00033986381012089
"ahstro/elm-luhn",0.000484305929422268
"folkertdev/elm-treemap",0.00033986381012089
"ghivert/elm-colors",0.00033986381012089
"peterszerzo/elm-natural-ui",0.00033986381012089
"ahstro/elm-ssn-validation",0.00033986381012089
"reiner-dolp/elm-natural-ordering",0.00033986381012089
"hickscorp/elm-bigint",0.000412084869771579
"gicentre/elm-vega",0.00033986381012089
"orus-io/elm-openid-connect",0.00033986381012089
"turboMaCk/lazy-tree-with-zipper",0.00033986381012089
"Chadtech/id",0.00033986381012089
"EngageSoftware/elm-dnn-localization",0.000381132987064141
"EngageSoftware/elm-dnn-http",0.00033986381012089
"RoyalIcing/datadown-elm",0.00033986381012089
"SidneyNemzer/elm-remote-data",0.00033986381012089
"engagesoftware/elm-dnn-localization",0.00033986381012089
"hawx/elm-mixpanel",0.00033986381012089
"nathanjohnson320/base58",0.00033986381012089
"the-sett/elm-state-machines",0.00033986381012089
"xilnocas/step",0.00033986381012089
"correl/elm-paginated",0.00033986381012089
"RoyalIcing/inflexio",0.00033986381012089
"jxxcarlson/convolvemachine",0.00033986381012089
"danielnarey/elm-modular-ui",0.00033986381012089
"akoppela/elm-logo",0.00033986381012089
"reginaldlouis/elm-mdl-flex",0.00033986381012089
"purohit/style-elements",0.00033986381012089
"seanpoulter/elm-versioning-spike",0.00033986381012089
"lucamug/elm-styleguide-generator",0.000388011183221349
"lucamug/elm-style-framework",0.00033986381012089
"Chadtech/keyboard-extra-browser",0.00033986381012089
"Chadtech/random-pipeline",0.00033986381012089
"NoRedInk/noredink-ui",0.00033986381012089
"ozmat/elm-validation",0.00033986381012089
"Chadtech/random-pcg-pipeline",0.00033986381012089
"duncanmalashock/json-rest-api",0.00033986381012089
"HolyMeekrob/elm-font-awesome-5",0.00033986381012089
"pdamoc/elm-ports-driver",0.00033986381012089
"the-sett/elm-update-helper",0.00033986381012089
"robx/elm-edn",0.00033986381012089
"s3k/latte-charts",0.00033986381012089
"arowM/elm-show",0.00033986381012089
"grrinchas/elm-graphql-client",0.00033986381012089
"arowM/elm-form-validator",0.00033986381012089
"jaredramirez/elm-parser",0.00033986381012089
"jwoudenberg/html-typed",0.00033986381012089
"imbybio/outmessage-nested",0.00033986381012089
"Gizra/elm-debouncer",0.00033986381012089
"jxxcarlson/geometry",0.000397640657841441
"jxxcarlson/graphdisplay",0.00033986381012089
"stoeffel/datetimepicker",0.00033986381012089
"imbybio/cachedremotedata",0.00033986381012089
"airtucha/board",0.00033986381012089
"airtucha/pathfinder",0.00033986381012089
"y-taka-23/elm-github-ribbon",0.00033986381012089
"billperegoy/elm-sifter",0.00033986381012089
"gribouille/elm-table",0.00033986381012089
"ianmackenzie/elm-float-extra",0.000484305929422268
"ianmackenzie/elm-interval",0.00033986381012089
"publeaks/elm-rivescript",0.00033986381012089
"AIRTucha/pathfinder",0.00033986381012089
"ZoltanOnody/tablueau-parser",0.00033986381012089
"ianmackenzie/elm-triangular-mesh",0.00033986381012089
"ryannhg/elm-moment",0.00033986381012089
"akoppela/elm-autocomplete",0.00033986381012089
"ryannhg/elm-date-format",0.00033986381012089
"MikaelMayer/parser",0.00033986381012089
"blue-dinosaur/lambda",0.00033986381012089
"tuxagon/elm-pokeapi",0.00033986381012089
"ahstro/elm-konami-code",0.00033986381012089
"nathanjohnson320/ecurve",0.00033986381012089
"gribouille/elm-graphql",0.00033986381012089
"FabienHenon/jsonapi-decode",0.00033986381012089
"neurodynamic/elm-parse-html",0.00033986381012089
"FabienHenon/jsonapi",0.00033986381012089
"andre-dietrich/parser-combinators",0.00033986381012089
"zwilias/elm-rosetree",0.00033986381012089
"zwilias/elm-holey-zipper",0.00033986381012089
"tesk9/accessible-html-with-css",0.00033986381012089
"Zinggi/elm-hash-icon",0.00033986381012089
"GlobalWebIndex/segment-elm",0.00033986381012089
"arowM/elm-embedded-gist",0.00033986381012089
"iodevs/elm-validate",0.00033986381012089
"Gizra/elm-restful",0.00033986381012089
"icidasset/css-support",0.00033986381012089
"FabienHenon/elm-pull-to-refresh",0.00033986381012089
"surprisetalk/elm-icon",0.00033986381012089
"justgook/elm-tiled-decode",0.00033986381012089
